{"rollout/avg_success": 0.0, "time/iterations": 16, "rollout/ep_rew_mean": -877.2291165555557, "rollout/ep_len_mean": 300.0, "time/fps": 26, "time/time_elapsed": 304, "time/total_timesteps": 8192, "rollout/success_rate": 0.0, "train/entropy_loss": -4.2408538341522215, "train/policy_gradient_loss": -0.024106994085013867, "train/value_loss": 0.002715977895422839, "train/approx_kl": 0.015096194110810757, "train/clip_fraction": 0.2060546875, "train/loss": -0.0420360192656517, "train/explained_variance": 0.3930823802947998, "train/std": 0.995271623134613, "train/n_updates": 150, "train/clip_range": 0.2, "_timestamp": 1745379203.0388389, "_runtime": 308.6851029396057, "_step": 8192, "_wandb": {"runtime": 317}}